मूंग 	जुआ जुई	           	अंगूठी	   	     	          	डांस	कलश
मोली 	       	कांकल डोलरा	      	कलश	     	राती जुगा
सेवरा	       	लगाम पकड़ाई	      	   	साड़ी	भात का नेग	    	शादी का कार्ड	
    		बैंड बाजा	मंगलसूत्र	कलश	घाघरा	राती जुगा
मोली		साव पारो 	हथलेवा   	   	     	बान      	डांस
चावल		सात वचन  	हथकुच    	   	     	कोरथ     	    	दूब	
मायरा	मिलनी  	सात फेरा 	कमर पेच	      		   	दूल्हा
     	जुआ जुई	मांग टीका	अंगूठी 	बहुभात		   	दुल्हन
     	       	         	       	ढोलक  		बान	तिलक  	शादी का कार्ड	
विनायक	     	लगाम पकड़ाई	हथकुच	सगाई	           	हलदात
      	लहंगा	सात फेरा   	     	    	साड़ी      	     	दूल्हा 	शादी का कार्ड
चावल  	     	           	     	कलश 	भात न्योतना	गुड़ 	पहरावनी	
मोली	पगफेरा 	         	गठ जोड़ा	      			मूंह दिखाई	बिदाई
मूंग	जुआ जुई	बैंड बाजा	        	बहुभात			दुल्हन
    	       	         	        	ढोलक  			साजन गोट  	फूल	
मोली 	            	          	      	चुनरी	         	बनोरी     	सज्जनगोट	कलश
     	संगीत संध्या	जूता छुपाई	      	     	काजल     	          	ढूकाव   	शादी का कार्ड
मायरा	            	मांग टीका 	हथलेवा	     	ब्याह हाथ	भात का नेग	
    	पायल   	         	हथकुच 	चूड़ियां	          	हलदात	तिलक
रोली	सिंदूरी	         	अंगूठी	        	नथ        	     	    	फूल
    	       	राती जोगा	      	        	सावा पूजना	गुड़	
     		बाड़ रुकाई	किचंगी	समथूनी	     	बनोरी     	डांस
मूंग 		          	      	चुनरी 	घाघरा	          	फेरा
बन्नी		राती जोगा 	      	सेहरा 	पीठी 	भात का नेग	
	      	कांकल डोलरा	      	चुनरी   	पीठी       	     	दूल्हा  	लाडू
	      	           	हथकुच 	चूड़ियां	तनी        	बनोरी	        	शादी का कार्ड
	वरमाला	सात फेरा   	अंगूठी	        	भात न्योतना	     	सज्जनगोट	
      	लहंगा  	           	        	बहुभात	नथ         	           	सज्जनगोट	लाडू
मेहंदी	       	           	गठ जोड़ा	      	भात न्योतना	घरवा और दात
      	जुआ जुई	लगाम पकड़ाई	        	      	           	गुड़	
	     	        	किचंगी	    	काजल       	कोरथ  	दुल्हन  	कलश
	लहंगा	साव पारो	      	    	भात न्योतना	निकासी	साजन गोट
	     	सात वचन 	      	सगाई	           	      	फेरा    	लाडू	
     	पायल        	मांग टीका	      	समथूनी  	     	बान	दुल्हन
चावल 	सिंदूरी     	         	      	चूड़ियां	घाघरा	   	      	फूल
मायरा	संगीत संध्या	         	अंगूठी	        	तनी  	   	दूल्हा	
	वरमाला	        	         		भात न्योतना	राती जुगा 	डांस    	लाडू
	      	सात फेरा	गठ जोड़ा 		           	भात का नेग	सज्जनगोट	चावल
	      	सात वचन 	मंगलसूत्र		ब्याह हाथ  	          	ढूकाव   	सुपारी	
मोली 		कांकल डोलरा	      	समथूनी	         	चाक पूजना  	पहरावनी
     		           	नारियल	      	पीठी     	घरवा और दात	तिलक   	दूब
सेवरा		           	अंगूठी	      	ब्याह हाथ	निकासी     	       	सुपारी	
     	बत्तीसी	साव पारो   	हथलेवा	    	           	राती जुगा  	      	सुपारी
बन्नी	       	कांकल डोलरा	      	सगाई	भात न्योतना	घरवा और दात
मायरा	       	जूता छुपाई 	      	    	           	कोरथ       	दूल्हा	
विनायक	वरमाला      	राती जोगा	     	        	           	           	पहरावनी	फेर पाटा
      	संगीत संध्या	बैंड बाजा	हथकुच	चूड़ियां	           	घरवा और दात
रोली  	            	सात वचन  	     	        	भात न्योतना	
    	       	बाड़ रुकाई	कन्यादान  	      	     	घरवा और दात	दुल्हन  	लाडू
    	लहंगा  	          	मूंह दिखाई	समथूनी	घाघरा	           	सज्जनगोट
मोली	सिंदूरी	          	हथलेवा    	      	     	कोरथ       	फेरा	
    	वरमाला	साव पारो 	हथलेवा	        		         	सज्जनगोट	कलश
मोली	गीत   	         	      	चूड़ियां		बनोरी    	ढूकाव
    	      	मांग टीका	किचंगी	        		चाक पूजना	        	शादी का कार्ड	
     	बत्तीसी	लगाम पकड़ाई	मंगलसूत्र 		     	बनोरी     	      	फूल
सेवरा	       	           	मूंह दिखाई		नथ   	भात का नेग	दुल्हन
     	गीत    	           	अंगूठी    		घाघरा	          	फेरा  	शादी का कार्ड	
     	लहंगा 	         	नारियल  	ढोलक		बान      	दूल्हा
चावल 	      	मांग टीका	गठ जोड़ा	    		चाक पूजना	      	शादी का कार्ड
सेवरा	पगफेरा	         	हथकुच   	    		         	तिलक	
सेवरा	बत्तीसी	          	गठ जोड़ा	    	घाघरा	    		कलश
बन्ना	       	बाड़ रुकाई	कमर पेच 	सगाई	     	    		फूल
बन्नी	जुआ जुई	          	कन्यादान	कलश 	     	गुड़	
चावल 	संगीत संध्या	           	अंगूठी	चुनरी 	          		      	फेर पाटा
सेवरा	            	कांकल डोलरा	      	बहुभात	सावा पूजना		      	दूब
     	            	लगाम पकड़ाई	किचंगी	कलश   	ब्याह हाथ 		दुल्हन	
	पायल 	         	मूंह दिखाई	समथूनी	साड़ी	      	दूल्हा
	     	बैंड बाजा	          	      	तनी  	हलदात 	फेरा
	लहंगा	         	कन्यादान  	सगाई  	     	निकासी	
    	मिलनी  	लगाम पकड़ाई	          	सेहरा   	          	चाक पूजना  	तिलक
मूंग	       	जूता छुपाई 	मूंह दिखाई	चूड़ियां	घाघरा
    	सिंदूरी	           	हथलेवा    	        	सावा पूजना	घरवा और दात	    	फूल	
     	     	          	हथलेवा	चूड़ियां	नथ   	     	दूल्हा	फूल
बन्ना	लहंगा	बैंड बाजा 	      	        	घाघरा	हलदात
     	     	जूता छुपाई	      	बारात   	     	बान  	तिलक	
     	       	लगाम पकड़ाई	मंगलसूत्र		पीठी	राती जुगा		दूब
सेवरा	बत्तीसी	कांकल डोलरा	         		    	बनोरी    		सुपारी
बन्ना	गीत    	बैंड बाजा  	         		    	चाक पूजना	
मायरा	पगफेरा	जूता छुपाई	        	      	पीठी      	हलदात
     	      	          	कन्यादान	समथूनी	सावा पूजना	         	डांस	शादी का कार्ड
     	      	मांग टीका 	        	शहनाई 	          	चाक पूजना	
बन्नी	      	         	      	     	चूड़ा	घरवा और दात	मूंह दिखाई	फेर पाटा
     	गीत   	बैंड बाजा	हथलेवा	     	     	           	दुल्हन
     	पगफेरा	         	अंगूठी	बारात	     	गुड़	
चावल  		          	अंगूठी	बहुभात	     	कोरथ  	      	फेर पाटा
बन्नी 		बाड़ रुकाई	      	      	घाघरा	      	दुल्हन	दूब
मेहंदी		बैंड बाजा 	      	सगाई  	पीठी 	निकासी	
     		बैंड बाजा 	         	शहनाई   	साड़ी    	बान      	ढूकाव
बन्ना		          	मंगलसूत्र	कलश     	घाघरा    	         	साजन गोट
     		जूता छुपाई	         	चूड़ियां	ब्याह हाथ	राती जुगा	        	कलश	
      	वरमाला      	बाड़ रुकाई	          	कलश	नथ  	         	पहरावनी
विनायक	बत्तीसी     	          	मूंह दिखाई	   	    	बान      	साजन गोट
मायरा 	संगीत संध्या	          	          	   	काजल	राती जुगा	
विनायक	    	बाड़ रुकाई	         	समथूनी	नथ   	          	        	दूब
      	पायल	          	मंगलसूत्र	      	घाघरा	          	सज्जनगोट
      	गीत 	राती जोगा 	हथकुच    	      	     	भात का नेग	
चावल	            	           	गठ जोड़ा		साड़ी	बान 	तिलक
    	संगीत संध्या	कांकल डोलरा	        		घाघरा	    	डांस 	लाडू
मूंग	            	           	हथकुच   		काजल 	कोरथ	ढूकाव	
     	बत्तीसी	बाड़ रुकाई	कमर पेच	      	भात न्योतना	भात का नेग
बन्ना	       	साव पारो  	       	समथूनी	सावा पूजना 	          	तिलक
मायरा	लहंगा  	राती जोगा 	किचंगी 	शहनाई	
रोली  	पायल        	        	कन्यादान		भात न्योतना	         	       	चावल
बन्नी 	            	साव पारो	हथकुच   		           	चाक पूजना	       	फेर पाटा
मेहंदी	संगीत संध्या	        	        		ब्याह हाथ  	         	पहरावनी	दूब	
मूंग 	पायल 	         	मूंह दिखाई	     	भात न्योतना	कोरथ
     	मिलनी	         	कमर पेच   	सेहरा	           	निकासी		चावल
सेवरा	     	मांग टीका	          	     	ब्याह हाथ  	गुड़  		लाडू	
सेवरा	लहंगा	         	हथलेवा	सगाई 	घाघरा
     	     	         	      	सेहरा	     	हलदात      	फेरा
बन्नी	     	राती जोगा	किचंगी	     	     	घरवा और दात	    	कलश	
रोली	    	         	नारियल  		साड़ी	चाक पूजना  	      	फेर पाटा
    	पायल	         	कन्यादान		     	राती जुगा  	दुल्हन	फूल
चावल	गीत 	मांग टीका	        		तनी  	घरवा और दात	
     	पगफेरा	           	गठ जोड़ा	     	चूड़ा     	बान      	    	बिदाई
मायरा	      	कांकल डोलरा	कन्यादान	चुनरी	          	चाक पूजना
     	      	राती जोगा  	        	     	सावा पूजना	         	डांस	
    	   	बैंड बाजा	मंगलसूत्र	चुनरी	तनी 		    	फेर पाटा
    	   	         	         	     	काजल		तिलक	कलश
रोली	गीत	         	         	सगाई 	    		    	लाडू	
विनायक	   	मांग टीका	नारियल	    	          	बान	दूल्हा
मोली  	गीत	         	किचंगी	सगाई	          	   	दुल्हन
मूंग  	   	         	      	    	सावा पूजना	   	साजन गोट	सुपारी	
रोली 	मिलनी	कांकल डोलरा	        		तनी 	           	सज्जनगोट
मोली 	     	लगाम पकड़ाई	कन्यादान		    	घरवा और दात	साजन गोट
सेवरा	     	           	        		पीठी	           	        	लाडू	
बन्ना		मांग टीका	         	शहनाई	घाघरा	     	मूंह दिखाई
बन्नी		         	मंगलसूत्र	     	     	     	डांस      	फेर पाटा
     		सात वचन  	         	     	काजल 	बनोरी	फेरा      	दूब	
मेहंदी	       	बाड़ रुकाई	      	चूड़ियां	     	हलदात 		फेर पाटा
      	गीत    	बैंड बाजा 	किचंगी	        	चूड़ा
      	सिंदूरी	          	      	ढोलक    	तनी  	निकासी		सुपारी	
विनायक	मिलनी 		हथकुच	      	     	हलदात	        	बिदाई
      	पगफेरा		     	समथूनी	घाघरा	कोरथ 	        	फूल
      	      		     	      	चूड़ा	     	सज्जनगोट	सुपारी	
	गीत    	कांकल डोलरा	मूंह दिखाई	     	           	           	दुल्हन  	फेर पाटा
	       	बैंड बाजा  	          	सेहरा	भात न्योतना	           	साजन गोट
	सिंदूरी	           	कन्यादान  	     	           	घरवा और दात	        	लाडू	
     	पायल   	        	गठ जोड़ा	कलश		भात का नेग	डांस
     	सिंदूरी	सात फेरा	कन्यादान	   		          	ढूकाव   	फूल
सेवरा	       	        	अंगूठी  	   		गुड़      	साजन गोट	
बन्नी	वरमाला	         	नारियल    	ढोलक 		    	       	सुपारी
मायरा	      	बैंड बाजा	मूंह दिखाई	सगाई 		बान
     	      	         	अंगूठी    	बारात		गुड़	पहरावनी	
	    	         	नारियल	    	काजल	राती जुगा  	डांस    	चावल
	    	मांग टीका	      	    	    	घरवा और दात	साजन गोट	कलश
	पायल	         	      	ढोलक	पीठी	कोरथ       	        	फेर पाटा	
     		           	मूंह दिखाई	   	नथ  	हलदात	तिलक 	सुपारी
सेवरा		कांकल डोलरा	          	कलश	    	बान  	ढूकाव
     		साव पारो   	अंगूठी    	   	काजल	बनोरी	
      	            	साव पारो  	किचंगी	समथूनी	काजल	    	दुल्हन
विनायक	संगीत संध्या	जूता छुपाई	      	सगाई  	    	    	दूल्हा
      	            	सात वचन   	      	      	    	कोरथ	      	कलश	
रोली 	       	सात फेरा  	नारियल	     	   	चाक पूजना	डांस
     	सिंदूरी	जूता छुपाई	किचंगी	     	नथ 	         	साजन गोट
मायरा	       	          	      	चुनरी	तनी	         	        	सुपारी	
विनायक	      		      	सगाई	घाघरा      	     	तिलक	बिदाई
      	गीत   		      	ढोलक	भात न्योतना	बनोरी
मेहंदी	पगफेरा		अंगूठी	    	           	गुड़ 	    	लाडू	
मूंग 	वरमाला		किचंगी	समथूनी		     	डांस
     	पगफेरा		      	बहुभात		बनोरी	साजन गोट	फेर पाटा
सेवरा	      		      	ढोलक  		     	        	बिदाई	
विनायक	     	साव पारो  	         	        		बान	सज्जनगोट	दूब
रोली  	मिलनी	बाड़ रुकाई	कमर पेच  	        		   	        	लाडू
बन्नी 	     	बैंड बाजा 	मंगलसूत्र	चूड़ियां		   	        	शादी का कार्ड	
मोली  		लगाम पकड़ाई	नारियल   	     	         	कोरथ	सज्जनगोट
      		बैंड बाजा  	मंगलसूत्र	     	ब्याह हाथ	बान 	फेरा
मेहंदी		सात फेरा   	अंगूठी   	शहनाई	         	गुड़	
बन्ना 		बाड़ रुकाई	          	चूड़ियां	  	घरवा और दात	दुल्हन
मेहंदी		बैंड बाजा 	मूंह दिखाई	बारात   	  	           	दूल्हा
      		सात वचन   	अंगूठी    	        	नथ	गुड़       	      	फूल	
चावल	       		         	     	पीठी	बनोरी    	सज्जनगोट	लाडू
    	बत्तीसी		मंगलसूत्र	     	    	राती जुगा	तिलक
    	वरमाला 		किचंगी   	सेहरा	    	कोरथ     	        	शादी का कार्ड	
सेवरा 	वरमाला	बाड़ रुकाई	      	     		कोरथ	दूल्हा
      	      	सात फेरा  	हथलेवा	सेहरा		    	तिलक
मेहंदी	      	          	हथकुच 	ढोलक 		गुड़	साजन गोट	
     	गीत    	बाड़ रुकाई	          	        		कोरथ  	सज्जनगोट	फूल
बन्नी	       	बैंड बाजा 	मूंह दिखाई	        		निकासी	        	सुपारी
मायरा	जुआ जुई	          	कन्यादान  	चूड़ियां		      	ढूकाव	
मोली	पायल 	कांकल डोलरा	हथलेवा	     	नथ
    	मिलनी	           	      	     	     	   	दूल्हा 	दूब
    	     	           	      	सेहरा	चूड़ा	बान	पहरावनी	
मोली 	       	सात वचन	       	बारात	           	बनोरी 	        	चावल
बन्नी	गीत    	       	       	     	भात न्योतना	निकासी	        	कलश
     	जुआ जुई	       	कमर पेच	     	सावा पूजना 	      	सज्जनगोट	
मोली	      	       	मंगलसूत्र	     	पीठी       	चाक पूजना 	    	फूल
    	पगफेरा	सात वचन	अंगूठी   	     	           	भात का नेग	तिलक
चावल	      	       	         	शहनाई	भात न्योतना	          	फेरा	
रोली	लहंगा	बाड़ रुकाई	         	सगाई 	घाघरा
मूंग	     	          	         	सेहरा	काजल 	घरवा और दात	तिलक
    	     	बैंड बाजा 	मंगलसूत्र	     	     	कोरथ       	    	सुपारी	
      	       	सात फेरा	नारियल	बहुभात	साड़ी	           	पहरावनी
      	सिंदूरी	        	      	      	पीठी 	           	मूंह दिखाई	कलश
विनायक	जुआ जुई	        	      	      	     	घरवा और दात	ढूकाव	
     	वरमाला      	सात वचन	कमर पेच	     	    		ढूकाव	सुपारी
रोली 	मिलनी       	       	नारियल 	शहनाई
मायरा	संगीत संध्या	       	       	बारात	पीठी	
मोली  	      	साव पारो 	अंगूठी	     	साड़ी		        	चावल
रोली  	      	बैंड बाजा	नारियल	     	पीठी 		साजन गोट
मेहंदी	पगफेरा	         	किचंगी	शहनाई	     		        	दूब	
     	पायल   	         	मूंह दिखाई	कलश     	पीठी	           	तिलक
बन्नी	       	बैंड बाजा	          	सगाई    	    	घरवा और दात	    	फूल
मायरा	जुआ जुई	         	          	चूड़ियां	    	           	    	दूब	
	पायल   	राती जोगा	      	सेहरा	           	चाक पूजना	      	फेर पाटा
	       	         	हथलेवा	बारात	चूड़ा      	         	दुल्हन
	जुआ जुई	         	हथकुच 	     	भात न्योतना	         	तिलक  	लाडू	
	      	मांग टीका	       	सगाई	         	चाक पूजना	सज्जनगोट	शादी का कार्ड
	      	         	कमर पेच	ढोलक	चूड़ा    	कोरथ
	पगफेरा	सात वचन  	       	    	ब्याह हाथ	निकासी	
विनायक	जुआ जुई		कन्यादान	कलश	           	          	        	चावल
चावल  	       		        	   	भात न्योतना	भात का नेग	डांस    	फेर पाटा
      	       		अंगूठी  	   	ब्याह हाथ  	          	साजन गोट	लाडू	
विनायक	गीत   	         		      	नथ        	घरवा और दात	          	कलश
      	पगफेरा	बैंड बाजा		समथूनी	पीठी      	           	मूंह दिखाई
मेहंदी	      	राती जोगा		      	सावा पूजना	गुड़       	          	फेर पाटा	
रोली	वरमाला	बैंड बाजा	      	समथूनी	चूड़ा
    	      	सात वचन  	नारियल	सेहरा 	     	     	दूल्हा
चावल	पगफेरा	         	हथकुच 	      	     	बनोरी	      	बिदाई	
सेवरा	      	साव पारो 	मंगलसूत्र	        	नथ	घरवा और दात
     	गीत   	         	कन्यादान 	चूड़ियां	  	           	      	चावल
     	पगफेरा	राती जोगा	हथकुच    	        	  	           	दुल्हन	दूब	
	पायल   	          	किचंगी	      	    	बान      	फेरा	फूल
	सिंदूरी	साव पारो  	      	      	काजल	राती जुगा	    	दूब
	जुआ जुई	बाड़ रुकाई	      	बहुभात	पीठी	
चावल	       	कांकल डोलरा	      	सेहरा	पीठी	चाक पूजना
    	वरमाला 	           	नारियल	     	    	गुड़     	मूंह दिखाई
मूंग	सिंदूरी	           	      	ढोलक 	    	         	दूल्हा    	चावल	
    	     	           	नारियल	चूड़ियां	काजल	बान        	      	लाडू
    	पायल 	लगाम पकड़ाई	      	सगाई    	पीठी	           	दूल्हा
चावल	मिलनी	           	      	ढोलक    	    	घरवा और दात	तिलक	
सेवरा	     	        		शहनाई   	     	बनोरी	तिलक    	फेर पाटा
     	मिलनी	साव पारो		        	साड़ी	     	दूल्हा  	दूब
बन्ना	लहंगा	सात फेरा		चूड़ियां	     	     	साजन गोट	
सेवरा	      	लगाम पकड़ाई	कमर पेच	चुनरी	नथ
     	पगफेरा	           	हथलेवा 	     	     	चाक पूजना	तिलक
     	      	बैंड बाजा  	       	कलश  	चूड़ा	         	फेरा	फेर पाटा	
रोली 	पगफेरा	          	किचंगी	      	तनी      	          	     	लाडू
     	      	          	      	समथूनी	ब्याह हाथ	बनोरी     	ढूकाव	शादी का कार्ड
बन्ना	      	जूता छुपाई	      	चुनरी 	         	भात का नेग	फेरा	
     	       	        	नारियल	कलश  	नथ  	बनोरी    		चावल
     	बत्तीसी	सात फेरा	      	बारात	काजल	राती जुगा
मायरा	वरमाला 	        	अंगूठी	     	पीठी	         		कलश	
    	   	बैंड बाजा	मूंह दिखाई	समथूनी	काजल	     	          	लाडू
चावल	   	मांग टीका	हथलेवा    	बहुभात	    	     	मूंह दिखाई
    	गीत	सात वचन  	          	      	    	हलदात	तिलक	
मेहंदी	     	सात फेरा  	नारियल	कलश     		कोरथ
      	मिलनी	जूता छुपाई	      	सेहरा   		    	सज्जनगोट
      	     	          	      	चूड़ियां		गुड़	ढूकाव	
बन्नी	गीत    		          	ढोलक	तनी        		    	फेर पाटा
मायरा	सिंदूरी		          	    	पीठी       		डांस	चावल
     	जुआ जुई		मूंह दिखाई	    	भात न्योतना		फेरा	शादी का कार्ड	
चावल	पायल   	सात वचन	अंगूठी	     	साड़ी
    	       	       	किचंगी	     	पीठी     	बनोरी	फेरा
    	बत्तीसी	       	      	चुनरी	ब्याह हाथ	     	    	कलश	
	     	लगाम पकड़ाई	गठ जोड़ा	चुनरी	     	    	फेरा	फेर पाटा
	मिलनी	जूता छुपाई 	कमर पेच 	कलश  	     	गुड़
	लहंगा	मांग टीका  	किचंगी  	ढोलक 	साड़ी	
रोली 	       	मांग टीका		     	भात न्योतना	निकासी     	दूल्हा
बन्ना	जुआ जुई	         		चुनरी	सावा पूजना 	घरवा और दात
     	       	सात वचन  		ढोलक 	           	गुड़       	साजन गोट	सुपारी	
बन्ना	       	         	कमर पेच  	शहनाई	पीठी     	     	          	चावल
     	       	राती जोगा	गठ जोड़ा 	सेहरा	ब्याह हाथ	बनोरी
     	जुआ जुई	मांग टीका	मंगलसूत्र	     	         	     	मूंह दिखाई	सुपारी	
रोली 	वरमाला      	          	        	कलश	   	         	दुल्हन	फूल
बन्नी	संगीत संध्या	जूता छुपाई	कन्यादान	   	   	चाक पूजना
     	            	          	        	   	तनी	गुड़     	तिलक	
    	      	साव पारो 	मूंह दिखाई	समथूनी	नथ  		          	दूब
    	वरमाला	मांग टीका	          	      	काजल		मूंह दिखाई	सुपारी
चावल	मिलनी 	         	हथकुच     	      	    		ढूकाव	
सेवरा			किचंगी	चुनरी	     		डांस	लाडू
बन्नी			      	सेहरा	नथ   		    	दूब
मायरा			      	     	चूड़ा		फेरा	शादी का कार्ड	
रोली	       	         	कन्यादान	        	काजल     	     	मूंह दिखाई	कलश
    	बत्तीसी	मांग टीका	हथकुच   	चूड़ियां	तनी
    	       	         	        	ढोलक    	ब्याह हाथ	बनोरी	पहरावनी	
    	       	           	कमर पेच	समथूनी	         	बान 	ढूकाव   	फेर पाटा
रोली	सिंदूरी	           	अंगूठी 	      	         	गुड़	        	दूब
    	       	लगाम पकड़ाई	किचंगी 	      	ब्याह हाथ	    	साजन गोट	
मूंग 	बत्तीसी	         		बहुभात	           	बान        	दूल्हा
सेवरा	जुआ जुई	राती जोगा		      	           	           	साजन गोट	दूब
     	       	सात वचन  		बारात 	भात न्योतना	घरवा और दात	
बन्ना 	लहंगा  	        	          	चूड़ियां	तनी      	    	      	लाडू
      	       	        	मूंह दिखाई	        	ब्याह हाथ	कोरथ
मेहंदी	जुआ जुई	सात फेरा	          	ढोलक    	         	    	दूल्हा	
     	       	बैंड बाजा  	गठ जोड़ा	ढोलक  	भात न्योतना		दूल्हा
मूंग 	       	लगाम पकड़ाई	        	समथूनी	सावा पूजना 		      	शादी का कार्ड
सेवरा	बत्तीसी	जूता छुपाई 	हथलेवा  	बारात	
चावल	वरमाला 	           	गठ जोड़ा	चुनरी	    	हलदात
    	       	कांकल डोलरा	अंगूठी  	     	काजल	बान  	       	फूल
    	जुआ जुई	           	किचंगी  	ढोलक 	    	बनोरी	पहरावनी	
      	मिलनी       		नारियल   	समथूनी	नथ        	हलदात
      	संगीत संध्या		मंगलसूत्र	चुनरी 	चूड़ा     	     	मूंह दिखाई
मेहंदी	जुआ जुई     		कन्यादान 	      	सावा पूजना	     	पहरावनी	
मोली	बत्तीसी     	         	      	    	नथ 	निकासी	दुल्हन
    	लहंगा       	         	नारियल	    	तनी	      	पहरावनी	सुपारी
    	संगीत संध्या	मांग टीका	      	ढोलक	   	      	       	शादी का कार्ड	
     	बत्तीसी	          	मूंह दिखाई	शहनाई   	          	राती जुगा	सज्जनगोट
बन्नी	       	          	हथकुच     	चूड़ियां	नथ        	         	        	लाडू
     	       	जूता छुपाई	          	        	सावा पूजना	कोरथ     	        	दूब	
मोली	       	राती जोगा 	      	     	घाघरा	हलदात	दूल्हा
    	सिंदूरी	जूता छुपाई	      	बारात	     	गुड़ 	ढूकाव
चावल	जुआ जुई	मांग टीका 	हथलेवा	     	     	     	साजन गोट	
मायरा	      		मूंह दिखाई	शहनाई   	    	बान      		फूल
     	वरमाला		नारियल    	चूड़ियां	काजल	बनोरी
     	पगफेरा		हथकुच     	बारात   	    	राती जुगा		सुपारी	
सेवरा	संगीत संध्या	           	          		चूड़ा	कोरथ	      	बिदाई
     	जुआ जुई     	लगाम पकड़ाई	मूंह दिखाई		     	गुड़	दुल्हन
     	            	बैंड बाजा  	हथकुच     		पीठी 	    	तिलक	
बन्ना	गीत    	बाड़ रुकाई	      	      	घाघरा      	         	तिलक
     	सिंदूरी	बैंड बाजा 	नारियल	बहुभात	           	         	    	कलश
     	       	मांग टीका 	किचंगी	      	भात न्योतना	राती जुगा	
    	वरमाला 	          	        	चुनरी	चूड़ा		मूंह दिखाई	कलश
रोली	लहंगा  	बाड़ रुकाई	गठ जोड़ा	     	     		          	लाडू
    	सिंदूरी	          	नारियल  	     	     		फेरा      	सुपारी	
     	पायल 	साव पारो	गठ जोड़ा	    	     	   	दूल्हा	चावल
चावल 	लहंगा	        	हथलेवा  	ढोलक	घाघरा
सेवरा	     	        	        	    	चूड़ा	बान	
बन्नी	       	बाड़ रुकाई	मंगलसूत्र	      	साड़ी     	चाक पूजना
मायरा	जुआ जुई	          	         	      	काजल      	गुड़     		कलश
     	       	राती जोगा 	         	बहुभात	सावा पूजना	         		फूल	
     	            		अंगूठी	        	घाघरा    	चाक पूजना	सज्जनगोट	फूल
बन्नी	मिलनी       		      	        	ब्याह हाथ	         	दूल्हा  	दूब
     	संगीत संध्या		      	चूड़ियां	         	कोरथ     	साजन गोट	सुपारी	
विनायक	       	          	       	शहनाई	सावा पूजना	चाक पूजना	दूल्हा
      	बत्तीसी	          	कमर पेच	चुनरी	ब्याह हाथ 	         	        	कलश
मायरा 	       	जूता छुपाई	       	बारात	          	         	सज्जनगोट	दूब	
बन्नी	जुआ जुई	साव पारो 	कमर पेच 	    	चूड़ा
     	       	         	कन्यादान	सगाई	भात न्योतना	भात का नेग		चावल
     	       	मांग टीका	अंगूठी  	ढोलक	           	कोरथ      		फेर पाटा	
मेहंदी	पायल   	           	          	      	           	चाक पूजना	डांस	बिदाई
      	सिंदूरी	           	मूंह दिखाई	      	भात न्योतना	गुड़     	तिलक
      	       	लगाम पकड़ाई	हथकुच     	बहुभात	           	         	    	फूल	
मूंग  	गीत    	        	       	     		घरवा और दात	तिलक 	कलश
मेहंदी	जुआ जुई	        	       	शहनाई		           	ढूकाव
      	       	सात फेरा	कमर पेच	बारात		           	फेरा 	बिदाई	
मोली 	संगीत संध्या	          	     	समथूनी	तनी        	बनोरी
     	            	          	     	बहुभात	भात न्योतना	         	साजन गोट	फूल
सेवरा	            	जूता छुपाई	हथकुच	बारात 	           	राती जुगा	
मोली	पायल  	मांग टीका	नारियल	    	     	           	    	कलश
    	लहंगा 	         	      	कलश 	साड़ी	भात का नेग 	तिलक
    	पगफेरा	         	हथकुच 	ढोलक	     	घरवा और दात	    	सुपारी	
बन्नी	पायल  	        	     	    	चूड़ा      		सज्जनगोट	चावल
     	वरमाला	सात फेरा	     	    	काजल       		फेरा
     	      	        	हथकुच	सगाई	भात न्योतना		        	फेर पाटा	
     	            	कांकल डोलरा	अंगूठी	        	काजल	     	फेरा	फेर पाटा
बन्ना	संगीत संध्या	           	      	बहुभात  	    	हलदात
     	            	लगाम पकड़ाई	      	चूड़ियां	    	गुड़ 	    	शादी का कार्ड	
      	जुआ जुई	          	नारियल	चुनरी	   	बनोरी	पहरावनी
विनायक	       	साव पारो  	हथकुच 	     	   	     	तिलक   	लाडू
रोली  	       	जूता छुपाई	      	कलश  	तनी	
     	वरमाला		मूंह दिखाई	चुनरी	चूड़ा	घरवा और दात
मायरा	      		हथकुच     	     	काजल 	कोरथ
     	मिलनी 		किचंगी    	कलश  	     	           	तिलक	
रोली  		कांकल डोलरा	कमर पेच	समथूनी	     	हलदात
चावल  		           	       	बहुभात	घाघरा	     	    	कलश
मेहंदी		           	हथलेवा 	      	काजल 	     	डांस	
    	    	लगाम पकड़ाई	कन्यादान		घाघरा    	          	मूंह दिखाई	फूल
रोली	    	सात फेरा   	        		ब्याह हाथ	भात का नेग	दुल्हन
मूंग	पायल	           	हथलेवा  		         	          	डांस      	दूब	
     	गीत   	साव पारो	गठ जोड़ा	   	   	भात का नेग 	       	चावल
मूंग 	      	सात वचन 	        	कलश	   	घरवा और दात	       	फेर पाटा
बन्ना	पगफेरा	        	        	   	तनी	           	पहरावनी	
     	वरमाला	बैंड बाजा	कमर पेच  	समथूनी  	    	बनोरी
मायरा	      	         	         	शहनाई   	काजल	निकासी	      	फूल
     	      	         	मंगलसूत्र	चूड़ियां	    	      	दूल्हा	सुपारी	
विनायक	मिलनी  			     	भात न्योतना	चाक पूजना	      	कलश
रोली  	बत्तीसी			शहनाई	           	निकासी   	दुल्हन
मायरा 	लहंगा  			कलश  	           	         	डांस  	लाडू	
	     	          	मंगलसूत्र	शहनाई   	   	बनोरी	मूंह दिखाई	चावल
	लहंगा	          	अंगूठी   	चूड़ियां	   	     	ढूकाव     	फेर पाटा
	     	जूता छुपाई	         	        	तनी	     	फेरा      	बिदाई	
मोली 	गीत  	         	मंगलसूत्र	कलश 	     	निकासी
चावल 	     	राती जोगा	किचंगी   	    	साड़ी	      	दुल्हन
मायरा	मिलनी	         	         	ढोलक	पीठी 	      	सज्जनगोट	
मूंग 	    		कमर पेच	सगाई    	पीठी	हलदात
बन्ना	पायल		अंगूठी 	चूड़ियां	    	         	मूंह दिखाई
     	    		       	बारात   	    	राती जुगा	सज्जनगोट  	फेर पाटा	
विनायक	गीत	           	मंगलसूत्र	शहनाई	     	           	पहरावनी
बन्ना 	   	कांकल डोलरा	         	     	नथ   	हलदात
बन्नी 	   	बैंड बाजा  	         	     	चूड़ा	घरवा और दात	       	कलश	
    		सात फेरा  	कन्यादान	        	सावा पूजना	हलदात 	दुल्हन
चावल		बैंड बाजा 	        	चूड़ियां	          	      	डांस  	बिदाई
    		जूता छुपाई	        	        	ब्याह हाथ 	निकासी	ढूकाव 	शादी का कार्ड	
     	पायल        		गठ जोड़ा 	कलश     	   	भात का नेग	        	लाडू
     	लहंगा       		मंगलसूत्र	चूड़ियां	तनी	          	साजन गोट
बन्ना	संगीत संध्या		         	        	   	          	फेरा    	दूब	
विनायक	       		कन्यादान	    	   	चाक पूजना  	दूल्हा	फेर पाटा
मोली  	       		        	सगाई	तनी	बनोरी      	दुल्हन
सेवरा 	बत्तीसी		        	ढोलक	   	घरवा और दात	फेरा	
मायरा		साव पारो	      	      	           	भात का नेग	सज्जनगोट	चावल
     		        	हथलेवा	समथूनी	भात न्योतना	          	        	बिदाई
     		सात वचन 	      	बारात 	           	निकासी    	फेरा	
मूंग  	       	बाड़ रुकाई	      	सगाई	चूड़ा	           	डांस
मेहंदी	पायल   	          	नारियल	    	     	घरवा और दात	ढूकाव
      	बत्तीसी	सात वचन   	      	    	     	गुड़       	     	लाडू	
    	पायल  	           	हथलेवा	     	साड़ी	राती जुगा	     	कलश
मूंग	मिलनी 	लगाम पकड़ाई	      	शहनाई	     	कोरथ
    	पगफेरा	सात वचन    	      	कलश  	     	         	ढूकाव	दूब	
     	लहंगा  	राती जोगा		        		चाक पूजना	सज्जनगोट	दूब
बन्नी	       	सात वचन  		        		कोरथ     	साजन गोट	चावल
मायरा	सिंदूरी	         		चूड़ियां		         	        	शादी का कार्ड	
विनायक	पायल   	सात फेरा 		चुनरी   	   	हलदात
मूंग  	सिंदूरी	राती जोगा		सगाई
सेवरा 	       	         		चूड़ियां	तनी	गुड़ 	डांस	
     	सिंदूरी	साव पारो	      	सगाई	भात न्योतना	राती जुगा
     	       	        	अंगूठी	ढोलक	           	कोरथ     	दूल्हा 	लाडू
मायरा	जुआ जुई	        	      	    	           	         	पहरावनी	फूल	
      	लहंगा 	          	मूंह दिखाई	चुनरी		कोरथ	     	कलश
विनायक	      	बाड़ रुकाई	          	सगाई
मायरा 	पगफेरा	सात फेरा  	          	     		    	ढूकाव	सुपारी	
विनायक		साव पारो  	मूंह दिखाई	   	नथ         	           	सज्जनगोट
बन्नी 		सात फेरा  	          	कलश	घाघरा
      		जूता छुपाई	किचंगी    	   	भात न्योतना	घरवा और दात	पहरावनी	
     	    	जूता छुपाई	          	शहनाई 	साड़ी	   	मूंह दिखाई	सुपारी
     	    	सात वचन   	मूंह दिखाई	समथूनी	     	बान	सज्जनगोट
बन्नी	पायल	          	कमर पेच   	सगाई  	काजल	
      	बत्तीसी     		कमर पेच	सगाई 	पीठी      	     	      	कलश
विनायक	            		       	     	सावा पूजना	हलदात	दूल्हा	शादी का कार्ड
रोली  	संगीत संध्या		नारियल 	बारात	          	बनोरी	
मोली	वरमाला	          	          	      	पीठी      	बनोरी      		फूल
    	लहंगा 	बाड़ रुकाई	मूंह दिखाई	समथूनी	          	घरवा और दात
    	      	सात वचन   	नारियल    	बहुभात	सावा पूजना	           		सुपारी	
मोली	लहंगा 	बाड़ रुकाई	        	     	    	राती जुगा	मूंह दिखाई
मूंग	      	साव पारो  	        	चुनरी	काजल	गुड़
    	पगफेरा	जूता छुपाई	कन्यादान	     	    	         	दूल्हा    	चावल	
रोली	पायल  	       	          	कलश	पीठी     	    	     	लाडू
    	वरमाला	सात वचन	मूंह दिखाई	   	ब्याह हाथ	    	ढूकाव
    	      	       	किचंगी    	   	         	गुड़	फेरा 	फूल	
    	पगफेरा	राती जोगा	      	चूड़ियां	  	हलदात	साजन गोट
    	      	         	हथलेवा	        	नथ	     	        	चावल
चावल	      	सात वचन  	      	        	  	बनोरी	        	बिदाई	
    	गीत    	          		बहुभात	           	चाक पूजना	दूल्हा	लाडू
मूंग	जुआ जुई	बाड़ रुकाई		      	भात न्योतना	         	      	फूल
    	       	सात फेरा  		      	           	गुड़     	डांस  	शादी का कार्ड	
     	सिंदूरी	लगाम पकड़ाई	       	      	नथ         	हलदात	        	फेर पाटा
चावल 	       	           	कमर पेच	बहुभात	साड़ी      	     	सज्जनगोट
बन्ना	       	बैंड बाजा  	       	      	भात न्योतना	गुड़ 	फेरा	
	     	       	      	सगाई 	साड़ी	हलदात	साजन गोट	लाडू
	     	       	किचंगी	सेहरा	घाघरा	     	फेरा    	सुपारी
	मिलनी	सात वचन	      	     	चूड़ा	कोरथ	
विनायक	गीत         		मंगलसूत्र	      	          	बनोरी     	पहरावनी
रोली  	बत्तीसी     		         	      	सावा पूजना	          	        	लाडू
      	संगीत संध्या		हथकुच    	समथूनी	          	भात का नेग	साजन गोट	
चावल 	       	        	कन्यादान	        		बान	ढूकाव	फेर पाटा
सेवरा	जुआ जुई	        	        	चूड़ियां		   	     	कलश
बन्नी	       	साव पारो	हथलेवा  	        		   	     	बिदाई	
    	वरमाला	        		बहुभात	     	चाक पूजना  	दूल्हा	बिदाई
रोली	      	        		सेहरा 	     	घरवा और दात	      	लाडू
    	      	साव पारो		      	घाघरा	निकासी     	तिलक  	दूब	
    	      	लगाम पकड़ाई	कमर पेच	बहुभात	    	राती जुगा	     	शादी का कार्ड
मोली	वरमाला	राती जोगा  	किचंगी 	      	पीठी
    	      	मांग टीका  	       	कलश   	    	         	ढूकाव	
      	सिंदूरी		हथकुच 	चूड़ियां	     	बनोरी    	      	बिदाई
मेहंदी	       		      	ढोलक    	चूड़ा	चाक पूजना	दुल्हन
      	       		किचंगी	        	काजल 	गुड़     	ढूकाव	
	      	           	मंगलसूत्र	बारात	तनी	बान      	          	फूल
	गीत   	कांकल डोलरा	         	     	   	चाक पूजना	मूंह दिखाई
	पगफेरा	सात फेरा   	         	     	   	निकासी   	डांस      	शादी का कार्ड	
रोली	बत्तीसी	         	हथलेवा		पीठी     	         	दुल्हन
    	पायल   	बैंड बाजा	किचंगी		काजल     	         	दूल्हा
चावल	मिलनी  	         	      		ब्याह हाथ	राती जुगा	ढूकाव	
विनायक	      	       	हथलेवा	     	    	बनोरी	डांस	फेर पाटा
मूंग  	पगफेरा	सात वचन	अंगूठी	चुनरी
सेवरा 	      	       	      	     	काजल	गुड़ 	फेरा	फूल	
      	लहंगा 	कांकल डोलरा	मूंह दिखाई	    	     	हलदात	      	दूब
विनायक	      	           	          	सगाई	चूड़ा	     	दुल्हन	शादी का कार्ड
रोली  	पगफेरा	           	अंगूठी    	    	     	     	दूल्हा	
चावल	लहंगा  	साव पारो 	गठ जोड़ा	     	भात न्योतना
    	       	मांग टीका	नारियल  	शहनाई	           	घरवा और दात	        	शादी का कार्ड
मूंग	जुआ जुई	         	        	कलश  	           	निकासी     	साजन गोट	
	गीत         	        	      	शहनाई	नथ   	हलदात    	सज्जनगोट
	वरमाला      	        	किचंगी	सगाई 	चूड़ा	         	        	बिदाई
	संगीत संध्या	सात फेरा	      	     	पीठी 	चाक पूजना	ढूकाव	
    	गीत    	        	कमर पेच 	     	नथ  	घरवा और दात		कलश
चावल	सिंदूरी	साव पारो	गठ जोड़ा	ढोलक
मूंग	       	        	कन्यादान	बारात	पीठी	
मूंग 	     	राती जोगा	       	शहनाई	पीठी     		      	फेर पाटा
बन्ना	लहंगा	सात वचन  	       	सगाई 	ब्याह हाथ
     	     	         	कमर पेच	     	         		दुल्हन	
मायरा 	            	बाड़ रुकाई 	        	समथूनी	ब्याह हाथ	हलदात
      	संगीत संध्या	कांकल डोलरा	कमर पेच 	चुनरी 	         	           	मूंह दिखाई
मेहंदी	            	बैंड बाजा  	गठ जोड़ा	      	         	घरवा और दात	पहरावनी	
मूंग  	पगफेरा 	          	        	      	         	चाक पूजना	डांस	लाडू
मेहंदी	       	सात फेरा  	कन्यादान	      	घाघरा    	         	    	शादी का कार्ड
      	जुआ जुई	जूता छुपाई	किचंगी  	समथूनी	ब्याह हाथ	
मोली  	संगीत संध्या	          	     	चुनरी	    		मूंह दिखाई	दूब
चावल  	            	जूता छुपाई	     	बारात	    		सज्जनगोट  	सुपारी
मेहंदी	            	मांग टीका 	हथकुच	     	काजल	
मोली	बत्तीसी	बाड़ रुकाई	          	        	         	राती जुगा 	दूल्हा
    	लहंगा  	          	मूंह दिखाई	        	नथ       	भात का नेग	सज्जनगोट
    	       	          	अंगूठी    	चूड़ियां	ब्याह हाथ	          	        	लाडू	
बन्नी		कांकल डोलरा	नारियल	      	साड़ी	         	दूल्हा
     		           	हथलेवा	बहुभात	     	राती जुगा	सज्जनगोट
     		सात वचन    	      	कलश   	चूड़ा	         	ढूकाव   	बिदाई	
      	गीत         	सात फेरा	      	सगाई 	         	घरवा और दात		दूब
विनायक	लहंगा       	सात वचन 	      	बारात	ब्याह हाथ
बन्नी 	संगीत संध्या	        	अंगूठी	     	         	           		शादी का कार्ड	
रोली 	            	लगाम पकड़ाई	      	      	नथ	      	दुल्हन  	बिदाई
     	संगीत संध्या	           	      	समथूनी	  	निकासी	सज्जनगोट
बन्नी	            	           	हथलेवा	      	  	      	        	फूल	
    	बत्तीसी	लगाम पकड़ाई	        	कलश  	पीठी	    	तिलक
मूंग	       	सात फेरा   	        	बारात	    	कोरथ	ढूकाव
    	पगफेरा 	मांग टीका  	गठ जोड़ा	     	    	    	     	लाडू	
     	सिंदूरी	बैंड बाजा	हथकुच 		चूड़ा	    	सज्जनगोट
     	जुआ जुई	         	हथलेवा		घाघरा	कोरथ	पहरावनी
मायरा	       	         	अंगूठी		काजल 	    	साजन गोट	सुपारी	
    	मिलनी  		नारियल	समथूनी		राती जुगा  	पहरावनी
रोली	जुआ जुई		हथकुच 	      		घरवा और दात	साजन गोट
चावल	       		किचंगी	      		           	        	चावल	
    	       	बाड़ रुकाई	गठ जोड़ा		नथ       	राती जुगा	        	कलश
चावल	पायल   	          	हथकुच   		         	         	        	बिदाई
    	जुआ जुई	          	        		ब्याह हाथ	         	साजन गोट	दूब	
मोली	       	सात वचन	हथलेवा	सगाई 	          	     	दुल्हन
    	सिंदूरी	       	      	चुनरी	          	हलदात	पहरावनी
    	       	       	किचंगी	ढोलक 	सावा पूजना	     	       	कलश	
चावल	वरमाला	कांकल डोलरा	     	     	पीठी	   	        	कलश
    	      	           	हथकुच	     	    	बान	डांस    	फूल
    	गीत   	साव पारो   	     	बारात	    	   	सज्जनगोट	
	     	लगाम पकड़ाई	गठ जोड़ा	शहनाई   	         	गुड़	सज्जनगोट
	     	जूता छुपाई 	नारियल  	चुनरी   	पीठी     	    	        	फेर पाटा
	लहंगा	           	हथलेवा  	चूड़ियां	ब्याह हाथ	    	तिलक	
चावल 	       	         	          	सेहरा   	काजल		दूल्हा	फेर पाटा
सेवरा	बत्तीसी	         	मूंह दिखाई	चुनरी   	    		      	लाडू
     	       	राती जोगा	कन्यादान  	चूड़ियां	    		तिलक  	फूल	
     	लहंगा	सात वचन	कमर पेच 	शहनाई	साड़ी
रोली 	     	       	        	कलश  	पीठी     		पहरावनी
बन्नी	     	       	कन्यादान	बारात	ब्याह हाथ		साजन गोट	
रोली 	            	लगाम पकड़ाई	         	कलश	    	घरवा और दात	        	चावल
बन्ना	            	           	मंगलसूत्र	   	नथ  	           	साजन गोट	फेर पाटा
     	संगीत संध्या	सात वचन    	         	   	काजल	           	        	शादी का कार्ड	
     	       		किचंगी	चुनरी	तनी       	          	मूंह दिखाई	दूब
रोली 	       		      	शहनाई	          	भात का नेग	दुल्हन    	चावल
मायरा	जुआ जुई		      	     	सावा पूजना	          	पहरावनी   	सुपारी	
विनायक	बत्तीसी	          		चूड़ियां	     	चाक पूजना	सज्जनगोट
रोली  	वरमाला 	          		सेहरा   	चूड़ा	         	साजन गोट
मूंग  	       	बाड़ रुकाई		बारात   	पीठी	
विनायक	       	        	मूंह दिखाई	सेहरा	     	राती जुगा	    	लाडू
      	मिलनी  	सात फेरा	किचंगी    	ढोलक 	     	         	    	सुपारी
बन्ना 	जुआ जुई	        	          	     	साड़ी	         	फेरा	
मायरा	पायल	          	मंगलसूत्र	      	काजल	राती जुगा
     	    	बाड़ रुकाई	         	समथूनी	    	बनोरी     		लाडू
     	    	सात वचन   	किचंगी   	      	    	भात का नेग	
रोली 	वरमाला	           	हथलेवा	      	  	बनोरी    	मूंह दिखाई
बन्ना	पगफेरा	           	नारियल	समथूनी
     	      	लगाम पकड़ाई	हथकुच 	      	नथ	चाक पूजना	ढूकाव	
सेवरा	       	बैंड बाजा 	किचंगी	      	     	          	पहरावनी	सुपारी
मायरा	जुआ जुई	जूता छुपाई	      	      	     	राती जुगा
     	       	          	      	समथूनी	चूड़ा	भात का नेग	तिलक   	शादी का कार्ड	
विनायक	       	बाड़ रुकाई	मंगलसूत्र		    	बान      	मूंह दिखाई
      	बत्तीसी	राती जोगा 	किचंगी   		    	चाक पूजना	पहरावनी
      	लहंगा  	सात वचन   	         		पीठी	         	साजन गोट	
मोली	      			सगाई 	नथ  	बनोरी    	          	दूब
    	वरमाला			चुनरी	तनी 	चाक पूजना	मूंह दिखाई
चावल	      			बारात	पीठी	         	दूल्हा    	शादी का कार्ड	
चावल 	       	           	       	बहुभात	चूड़ा	राती जुगा	    	दूब
     	       	कांकल डोलरा	कमर पेच	      	     	गुड़     	डांस	फेर पाटा
बन्ना	सिंदूरी	लगाम पकड़ाई	       	      	काजल 	         	    	सुपारी	
मोली 		लगाम पकड़ाई	मूंह दिखाई	सेहरा	           	          	     	फूल
रोली 		           	          	     	पीठी       	हलदात     	ढूकाव
सेवरा		           	          	     	भात न्योतना	भात का नेग	     	दूब	
     	पायल	जूता छुपाई 	मंगलसूत्र	    	           	हलदात      	      	बिदाई
     	    	कांकल डोलरा	         	ढोलक	तनी        	घरवा और दात	      	लाडू
मायरा	    	सात वचन    	         	    	भात न्योतना	           	दूल्हा	
मायरा	      	जूता छुपाई	मूंह दिखाई	चूड़ियां	     		     	लाडू
     	वरमाला	सात वचन   	गठ जोड़ा  	कलश     	साड़ी
     	      	          	मंगलसूत्र 	ढोलक    	पीठी 		ढूकाव	
मूंग  	       		          	     	काजल       	बान        	दूल्हा	चावल
      	       		मूंह दिखाई	     	भात न्योतना	भात का नेग 	डांस
मेहंदी	जुआ जुई		          	सेहरा	           	घरवा और दात	      	सुपारी	
      	     	कांकल डोलरा	कमर पेच  	कलश     	चूड़ा	          	सज्जनगोट
विनायक	लहंगा	           	         	चूड़ियां	     	चाक पूजना 	        	शादी का कार्ड
      	     	लगाम पकड़ाई	मंगलसूत्र	        	     	भात का नेग	ढूकाव	
    	संगीत संध्या	बाड़ रुकाई	कन्यादान	बारात	     	          	     	शादी का कार्ड
रोली	            	बैंड बाजा 	हथकुच   	     	     	भात का नेग
    	जुआ जुई     	          	        	     	साड़ी	कोरथ      	ढूकाव	
मोली	मिलनी  	राती जोगा	        		   		मूंह दिखाई	दूब
    	बत्तीसी	सात वचन  	कन्यादान		   		डांस      	शादी का कार्ड
मूंग	जुआ जुई	         	        		तनी	
सेवरा	      	मांग टीका	गठ जोड़ा	      	काजल       	     		फूल
     	पायल  	         	हथकुच   	बहुभात	भात न्योतना	बनोरी
बन्नी	वरमाला	         	        	बारात 	           	गुड़	
सेवरा 	      	साव पारो  	          	बहुभात  	   	         	मूंह दिखाई	कलश
      	      	बाड़ रुकाई	मूंह दिखाई	        	   	चाक पूजना	साजन गोट  	लाडू
मेहंदी	वरमाला	          	          	चूड़ियां	तनी	
     	लहंगा	          	हथलेवा	बहुभात	           	बनोरी      	साजन गोट
बन्नी	     	बाड़ रुकाई	      	शहनाई 	           	घरवा और दात
     	     	          	      	      	भात न्योतना	गुड़	
बन्ना	       	बैंड बाजा	       	शहनाई	साड़ी	          	          	चावल
मायरा	गीत    	         	       	     	     	बान       	मूंह दिखाई
     	सिंदूरी	         	कमर पेच	     	चूड़ा	भात का नेग	दुल्हन	
मायरा	       	कांकल डोलरा	      	     	घाघरा	हलदात    	    	कलश
     	गीत    	           	      	चुनरी	     	राती जुगा	डांस	लाडू
     	जुआ जुई	बैंड बाजा  	हथलेवा	     	     	         	फेरा	
मूंग	     	        	मंगलसूत्र		काजल      	     	सज्जनगोट	फूल
    	     	साव पारो	         		नथ        	हलदात	दूल्हा
    	मिलनी	        	कन्यादान 		सावा पूजना	कोरथ 	पहरावनी	
    	पायल	मांग टीका	      	        	          	चाक पूजना	पहरावनी	चावल
    	    	         	      	सेहरा   	सावा पूजना	कोरथ     	       	दूब
मूंग	    	         	हथलेवा	चूड़ियां	          	         	फेरा	
